frequency_hz,z_real_ohm,z_imag_ohm,s11_real,s11_imag,s11_db
2.200000000000000000e+09,5.021057321044725796e+01,3.395216623276998025e+00,3.245491900760921235e-03,3.377086236317437123e-02,-2.938923030344276555e+01
2.201000000000000000e+09,4.946054974853905151e+01,4.009193168464487478e+00,-3.792752192429713152e-03,4.046226423259004917e-02,-2.782100438542680365e+01
2.202000000000000000e+09,4.874470794946981300e+01,4.649655472851932814e+00,-1.047203438022535800e-02,4.758074556485700213e-02,-2.624594140388035513e+01
2.203000000000000000e+09,4.806361788692314008e+01,5.313331439591398642e+00,-1.676123329836366402e-02,5.509065995985789471e-02,-2.479395987691472314e+01
2.204000000000000000e+09,4.741759691079783323e+01,5.997081786221580835e+00,-2.263311425186258219e-02,6.295386683663037330e-02,-2.349163561171660675e+01
2.205000000000000000e+09,4.680674024707854386e+01,6.697905621113282137e+00,-2.806453996992004304e-02,7.113016349437066566e-02,-2.233058099851835365e+01
2.206000000000000000e+09,4.623094833343044741e+01,7.412942281773410080e+00,-3.303663283933503531e-02,7.957773530051788502e-02,-2.129359985541155709e+01
2.207000000000000000e+09,4.568995079439632434e+01,8.139470313718627281e+00,-3.753488707884889558e-02,8.825361851184318485e-02,-2.036326948793288949e+01
2.208000000000000000e+09,4.518332708302776268e+01,8.874904375418116942e+00,-4.154922994331269881e-02,9.711417011063404325e-02,-1.952433083267649749e+01
2.209000000000000000e+09,4.471052390975604141e+01,9.616790760933279003e+00,-4.507403168200675020e-02,1.061155389864288229e-01,-1.876403918667251958e+01
2.210000000000000000e+09,4.427086964970209948e+01,1.036280214136442268e+01,-4.810806461112883403e-02,1.152141328142277238e-01,-1.807190594392948313e+01
2.211000000000000000e+09,4.386358597143180305e+01,1.111073204142177495e+01,-5.065441228838706705e-02,1.243670750724001628e-01,-1.743931081763808422e+01
2.212000000000000000e+09,4.348779696782635540e+01,1.185848948938861724e+01,-5.272033038952531753e-02,1.335326468061508454e-01,-1.685913558431921189e+01
2.213000000000000000e+09,4.314253609699271408e+01,1.260409420742552911e+01,-5.431706147459963718e-02,1.426707079726054206e-01,-1.632545785200412425e+01
2.214000000000000000e+09,4.282675126094280671e+01,1.334567264393519359e+01,-5.545960638841727908e-02,1.517430934985566360e-01,-1.583330634414928895e+01
2.215000000000000000e+09,4.253930836434474827e+01,1.408145508936057766e+01,-5.616645555757227709e-02,1.607139795368667246e-01,-1.537846864219310561e+01
2.216000000000000000e+09,4.227899370643456223e+01,1.480977405997274765e+01,-5.645928391951659381e-02,1.695502158181603491e-01,-1.495734080081797934e+01
2.217000000000000000e+09,4.204451556695351400e+01,1.552906407938006339e+01,-5.636261364104535460e-02,1.782216204545140070e-01,-1.456680949925434376e+01
2.218000000000000000e+09,4.183450535183875019e+01,1.623786293327499308e+01,-5.590344914938633752e-02,1.867012340554490835e-01,-1.420415922666619579e+01
2.219000000000000000e+09,4.164751866589352147e+01,1.693481441812517829e+01,-5.511088930414936166e-02,1.949655305567850050e-01,-1.386699870481989016e+01
2.220000000000000000e+09,4.148203667684046536e+01,1.761867254822410089e+01,-5.401572177926945023e-02,2.029945827322216512e-01,-1.355320214450097360e+01
2.221000000000000000e+09,4.133646812667448955e+01,1.828830712738947284e+01,-5.265000489787497601e-02,2.107721809488068976e-01,-1.326086201264481801e+01
2.222000000000000000e+09,4.120915233049623083e+01,1.894271053173360286e+01,-5.104664226799330434e-02,2.182859043321715431e-01,-1.298825080619346473e+01
2.223000000000000000e+09,4.109836347832080605e+01,1.958100548918174511e+01,-4.923895560218499029e-02,2.255271441182250536e-01,-1.273378994394286856e+01
2.224000000000000000e+09,4.100231652012971750e+01,2.020245358121266221e+01,-4.726026106965003359e-02,2.324910795762905047e-01,-1.249602434895613889e+01
2.225000000000000000e+09,4.091917486736190313e+01,2.080646413483543000e+01,-4.514345442598540620e-02,2.391766074867727465e-01,-1.227360164062200099e+01
2.226000000000000000e+09,4.084706008435514946e+01,2.139260312089109561e+01,-4.292060999542605948e-02,2.455862267365981066e-01,-1.206525511656294469e+01
2.227000000000000000e+09,4.078406367093447926e+01,2.196060163164760226e+01,-4.062259834591434166e-02,2.517258801500554255e-01,-1.186978990196606887e+01
2.228000000000000000e+09,4.072826095333032725e+01,2.251036347997879261e+01,-3.827872720212974200e-02,2.576047561946769315e-01,-1.168607179316109956e+01
2.229000000000000000e+09,4.067772700693723920e+01,2.304197144774042272e+01,-3.591640979022237001e-02,2.632350536841968625e-01,-1.151301843466369945e+01
2.230000000000000000e+09,4.063055443428655877e+01,2.355569171562195052e+01,-3.356086440535623050e-02,2.686317130379803353e-01,-1.134959255243324527e+01
2.231000000000000000e+09,4.058487271934311025e+01,2.405197603329565226e+01,-3.123484854513741693e-02,2.738121180426468793e-01,-1.119479702648756003e+01
2.232000000000000000e+09,4.053886878012059469e+01,2.453146123862595118e+01,-2.895843046487355660e-02,2.787957723926051679e-01,-1.104767162735045005e+01
2.233000000000000000e+09,4.049080825159159502e+01,2.499496580809481117e+01,-2.674880049109528563e-02,2.836039555578387383e-01,-1.090729126610455779e+01
2.234000000000000000e+09,4.043905695610306594e+01,2.544348321579195371e+01,-2.462012388521812867e-02,2.882593627362780020e-01,-1.077276561946471922e+01
2.235000000000000000e+09,4.038210196485696457e+01,2.587817199192100759e+01,-2.258343648691673797e-02,2.927857337925980907e-01,-1.064323999135271137e+01
2.236000000000000000e+09,4.031857162647089865e+01,2.630034249857489215e+01,-2.064658379456647472e-02,2.972074761635198903e-01,-1.051789726303031536e+01
2.237000000000000000e+09,4.024725394075277052e+01,2.671144057393494364e+01,-1.881420356551008824e-02,3.015492867216429396e-01,-1.039596076719205087e+01
2.238000000000000000e+09,4.016711268927001299e+01,2.711302832833856868e+01,-1.708775144987094777e-02,3.058357775356395081e-01,-1.027669790013286288e+01
2.239000000000000000e+09,4.007730079853899241e+01,2.750676249876553925e+01,-1.546556861549016823e-02,3.100911103458957041e-01,-1.015942426313123903e+01
2.240000000000000000e+09,3.997717050385190163e+01,2.789437087436099461e+01,-1.394298978581591866e-02,3.143386443935039520e-01,-1.004350810276328687e+01
2.241000000000000000e+09,3.986627999689756763e+01,2.827762738778708851e+01,-1.251248960413611777e-02,3.186006019999364502e-01,-9.928374803333170462e+00
2.242000000000000000e+09,3.974439637160264738e+01,2.865832652024866789e+01,-1.116386476299386157e-02,3.228977559987676882e-01,-9.813511176149660287e+00
2.243000000000000000e+09,3.961149482200026739e+01,2.903825768881984715e+01,-9.884448902996135003e-03,3.272491427737846403e-01,-9.698469292691392241e+00
2.244000000000000000e+09,3.946775418485425746e+01,2.941918027248251022e+01,-8.659356895968087914e-03,3.316718042652306853e-01,-9.582869623618050170e+00
2.245000000000000000e+09,3.931354904990390509e+01,2.980279988971977545e+01,-7.471754788271109567e-03,3.361805618733496592e-01,-9.466403273797604712e+00
2.246000000000000000e+09,3.914943877454483356e+01,3.019074646945581009e+01,-6.303151395151523374e-03,3.407878247222374535e-01,-9.348833144372022730e+00
2.247000000000000000e+09,3.897615383164263392e+01,3.058455456422482044e+01,-5.133707309406331659e-03,3.455034342540155845e-01,-9.229993904339323763e+00
2.248000000000000000e+09,3.879457998503329463e+01,3.098564624648191668e+01,-3.942556919987827944e-03,3.503345466103295336e-01,-9.109790712933277135e+00
2.249000000000000000e+09,3.860574082523693562e+01,3.139531681330851853e+01,-2.708138929828674685e-03,3.552855537326384261e-01,-8.988196696075997139e+00
2.250000000000000000e+09,3.841077920821706471e+01,3.181472340861228787e+01,-1.408530818069620577e-03,3.603580435816427507e-01,-8.865249240805248121e+00
2.251000000000000000e+09,3.821093812470236628e+01,3.224487656186784790e+01,-2.178270966785465906e-05,3.655507993472105754e-01,-8.741045226379933197e+00
2.252000000000000000e+09,3.800754149018440131e+01,3.268663454388781275e+01,1.473753805824443153e-03,3.708598370000982247e-01,-8.615735355942915064e+00
2.253000000000000000e+09,3.780197529072496110e+01,3.314070035711109341e+01,3.099106226533692322e-03,3.762784800329279644e-01,-8.489517785398621896e+00
2.254000000000000000e+09,3.759566945222363898e+01,3.360762111297607646e+01,4.874375187427925846e-03,3.817974697568284892e-01,-8.362631265080894494e+00
2.255000000000000000e+09,3.739008072592262266e+01,3.408778950314686540e+01,6.818445884583137877e-03,3.874051090680823428e-01,-8.235348014732885247e+00
2.256000000000000000e+09,3.718667680547991949e+01,3.458144704446886664e+01,8.948720456240982779e-03,3.930874371821627689e-01,-8.107966544407949172e+00
2.257000000000000000e+09,3.698692181514756783e+01,3.508868876818500837e+01,1.128087456143750042e-02,3.988284324555155802e-01,-7.980804615223041409e+00
2.258000000000000000e+09,3.679226323786806319e+01,3.560946903008890985e+01,1.382864101709429042e-02,4.046102400834809543e-01,-7.854192507148493263e+00
2.259000000000000000e+09,3.660412028904575976e+01,3.614360813730669264e+01,1.660362294131891014e-02,4.104134211793597498e-01,-7.728466729167450922e+00
2.260000000000000000e+09,3.642387368806052450e+01,3.669079951648959081e+01,1.961513841037946376e-02,4.162172195083587156e-01,-7.603964273055485279e+00
2.261000000000000000e+09,3.625285673621493743e+01,3.725061718456015569e+01,2.287009817591577690e-02,4.219998419733861916e-01,-7.481017478255727049e+00
2.262000000000000000e+09,3.609234757701511143e+01,3.782252332413585094e+01,2.637291751398483999e-02,4.277387488289280948e-01,-7.359949543892692958e+00
2.263000000000000000e+09,3.594356249221856814e+01,3.840587580904371379e+01,3.012546279542991159e-02,4.334109495356911479e-01,-7.241070696320377920e+00
2.264000000000000000e+09,3.580765007430726854e+01,3.899993556892061974e+01,3.412703288436252924e-02,4.389933001620678898e-01,-7.124674997615295879e+00
2.265000000000000000e+09,3.568568611207598451e+01,3.960387372418770013e+01,3.837437499522250439e-02,4.444627982883708750e-01,-7.011037762448384392e+00
2.266000000000000000e+09,3.557866902985747970e+01,4.021677846240893217e+01,4.286173417521495221e-02,4.497968714743606489e-01,-6.900413537741211023e+00
2.267000000000000000e+09,3.548751573147995231e+01,4.083766166326801539e+01,4.758093513425762366e-02,4.549736555078153222e-01,-6.793034591053249471e+00
2.268000000000000000e+09,3.541305771635456523e+01,4.146546531144605297e+01,5.252149472492801535e-02,4.599722588587484284e-01,-6.689109849185863155e+00
2.269000000000000000e+09,3.535603735615899978e+01,4.209906776403939688e+01,5.767076298545002755e-02,4.647730100165965439e-01,-6.588824227354316498e+00
2.270000000000000000e+09,3.531710424554419347e+01,4.273728996150990156e+01,6.301409030484443619e-02,4.693576846823460658e-01,-6.492338290766022091e+00
2.271000000000000000e+09,3.529681156835032851e+01,4.337890168818939429e+01,6.853501795503248728e-02,4.737097101190181347e-01,-6.399788193891652099e+00
2.272000000000000000e+09,3.529561245122238233e+01,4.402262799987742170e+01,7.421548896402097029e-02,4.778143443274056046e-01,-6.311285847516875158e+00
2.273000000000000000e+09,3.531385630855661617e+01,4.466715594181208360e+01,8.003607608017972164e-02,4.816588281034787644e-01,-6.226919269312228167e+00
2.274000000000000000e+09,3.535178521564161969e+01,4.531114168005617415e+01,8.597622340258465057e-02,4.852325084438383063e-01,-6.146753079732876657e+00
2.275000000000000000e+09,3.540953037989429220e+01,4.595321816290445582e+01,9.201449812819641194e-02,4.885269321898937367e-01,-6.070829111232002084e+00
2.276000000000000000e+09,3.548710881234821812e+01,4.659200341605936302e+01,9.812884879396500948e-02,4.915359092336899494e-01,-5.999167104800075201e+00
2.277000000000000000e+09,3.558442033201653487e+01,4.722610955595608573e+01,1.042968663713640942e-01,4.942555450426387442e-01,-5.931765473544783340e+00
2.278000000000000000e+09,3.570124506328976821e+01,4.785415257968006131e+01,1.104960446014366104e-01,4.966842426902520757e-01,-5.868602118293174463e+00
2.279000000000000000e+09,3.583724160984419171e+01,4.847476295762658083e+01,1.167040360392770787e-01,4.988226749997733411e-01,-5.809635284944948630e+00
2.280000000000000000e+09,3.599194610625281854e+01,4.908659701677665765e+01,1.228989004057320228e-01,5.006737278111781375e-01,-5.754804457498928549e+00
2.281000000000000000e+09,3.616477235914005917e+01,4.968834905896406440e+01,1.290593420185481843e-01,5.022424157641922626e-01,-5.704031284286969594e+00
2.282000000000000000e+09,3.635501329186747199e+01,5.027876411088787734e+01,1.351649332920074609e-01,5.035357723456009849e-01,-5.657220537974128050e+00
2.283000000000000000e+09,3.656184389905261867e+01,5.085665115237927836e+01,1.411963215492930968e-01,5.045627162734885873e-01,-5.614261112322457947e+00
2.284000000000000000e+09,3.678432589861721169e+01,5.142089661854325300e+01,1.471354166814928532e-01,5.053338965802428584e-01,-5.575027060565238557e+00
2.285000000000000000e+09,3.702141423882045501e+01,5.197047792216324069e+01,1.529655575061659722e-01,5.058615190064318368e-01,-5.539378681505407798e+00
2.286000000000000000e+09,3.727196557566372093e+01,5.250447669789567584e+01,1.586716550221311806e-01,5.061591565262932857e-01,-5.507163660132059491e+00
2.287000000000000000e+09,3.753474878259820713e+01,5.302209143213558207e+01,1.642403111198814103e-01,5.062415469901289100e-01,-5.478218269645785732e+00
2.288000000000000000e+09,3.780845749082590146e+01,5.352264911495078792e+01,1.696599116835150745e-01,5.061243809878303024e-01,-5.452368641295918472e+00
2.289000000000000000e+09,3.809172458664743033e+01,5.400561553591996500e+01,1.749206934046090567e-01,5.058240831101649126e-01,-5.429432107364918991e+00
2.290000000000000000e+09,3.838313851505896679e+01,5.447060384640464292e+01,1.800147840152111212e-01,5.053575898100272079e-01,-5.409218621000830396e+00
2.291000000000000000e+09,3.868126115964027179e+01,5.491738102848611902e+01,1.849362160307995162e-01,5.047421270450709319e-01,-5.391532254419395542e+00
2.292000000000000000e+09,3.898464699172647130e+01,5.534587194630731233e+01,1.896809144687703896e-01,5.039949908171248438e-01,-5.376172774314104785e+00
2.293000000000000000e+09,3.929186311128954401e+01,5.575616070871341634e+01,1.942466593689261833e-01,5.031333336142328472e-01,-5.362937290183068306e+00
2.294000000000000000e+09,3.960150974220187692e+01,5.614848914147540171e+01,1.986330242841761462e-01,5.021739596104621839e-01,-5.351621967790205048e+00
2.295000000000000000e+09,3.991224069964867027e+01,5.652325225049950319e+01,2.028412922278532426e-01,5.011331312896902812e-01,-5.342023796231831767e+00
2.296000000000000000e+09,4.022278332074955642e+01,5.688099065064243831e+01,2.068743508544463316e-01,5.000263899357848540e-01,-5.333942393213567890e+00
2.297000000000000000e+09,4.053195734327799471e+01,5.722238003356844871e+01,2.107365689092621508e-01,4.988683921769394569e-01,-5.327181829313872186e+00
2.298000000000000000e+09,4.083869223288324690e+01,5.754821784744576263e+01,2.144336562066156970e-01,4.976727644905267756e-01,-5.321552448398704449e+00
2.299000000000000000e+09,4.114204249614023468e+01,5.785940745589287815e+01,2.179725095826514358e-01,4.964519772714434676e-01,-5.316872658146927222e+00
2.300000000000000000e+09,4.144120057344458274e+01,5.815694012840195626e+01,2.213610474160666863e-01,4.952172397462607512e-01,-5.312970662042458159e+00
2.301000000000000000e+09,4.173550697926764741e+01,5.844187528499894313e+01,2.246080354161424930e-01,4.939784166826640122e-01,-5.309686102372762839e+00
2.302000000000000000e+09,4.202445744357360979e+01,5.871531947065203383e+01,2.277229064419455107e-01,4.927439675037644795e-01,-5.306871582906669715e+00
2.303000000000000000e+09,4.230770690252104060e+01,5.897840456760576444e+01,2.307155771391216359e-01,4.915209080749775028e-01,-5.304394040137577981e+00
2.304000000000000000e+09,4.258507028378344472e+01,5.923226576546336730e+01,2.335962641617075897e-01,4.903147950924970355e-01,-5.302135933349578778e+00
2.305000000000000000e+09,4.285652012688073142e+01,5.947801979992426169e+01,2.363753026870926421e-01,4.891297326717298222e-01,-5.299996226317933434e+00
2.306000000000000000e+09,4.312218116714800686e+01,5.971674394332124081e+01,2.390629698340361875e-01,4.879684004163221678e-01,-5.297891137148010188e+00
2.307000000000000000e+09,4.338232208953100866e+01,5.994945618630372763e+01,2.416693154589455994e-01,4.868321019479157075e-01,-5.295754637480186489e+00
2.308000000000000000e+09,4.363734472237682382e+01,6.017709699374145771e+01,2.442040026369025341e-01,4.857208325978062957e-01,-5.293538687869262738e+00
2.309000000000000000e+09,4.388777099004396831e+01,6.040051295319440783e+01,2.466761599344826916e-01,4.846333647078751028e-01,-5.291213202360155243e+00
2.310000000000000000e+09,4.413422797586464696e+01,6.062044256523592622e+01,2.490942473547832769e-01,4.835673487629355005e-01,-5.288765741857780256e+00
2.311000000000000000e+09,4.437743146421562557e+01,6.083750435541263357e+01,2.514659375850785694e-01,4.825194283827182740e-01,-5.286200942539956316e+00
2.312000000000000000e+09,4.461816833356568424e+01,6.105218742113446240e+01,2.537980139084834996e-01,4.814853670415078501e-01,-5.283539691990587706e+00
2.313000000000000000e+09,4.485727816344022045e+01,6.126484446605394396e+01,2.560962858571732004e-01,4.804601842586461169e-01,-5.280818071660843493e+00
2.314000000000000000e+09,4.509563439983020317e+01,6.147568732152831217e+01,2.583655233907906634e-01,4.794382989149549301e-01,-5.278086089453227991e+00
2.315000000000000000e+09,4.533412539842391453e+01,6.168478491071324754e+01,2.606094100841338523e-01,4.784136772992266806e-01,-5.275406230475475411e+00
2.316000000000000000e+09,4.557363563592239331e+01,6.189206357611092102e+01,2.628305155078020650e-01,4.773799834753947868e-01,-5.272851857193433744e+00
2.317000000000000000e+09,4.581502734918601760e+01,6.209730966565064847e+01,2.650302866886998787e-01,4.763307295841835987e-01,-5.270505492259750291e+00
2.318000000000000000e+09,4.605912283224105863e+01,6.230017425470565939e+01,2.672090582485817656e-01,4.752594237521015619e-01,-5.268457018203487330e+00
2.319000000000000000e+09,4.630668759403411627e+01,6.250017987046918222e+01,2.693660805423960802e-01,4.741597133737878167e-01,-5.266801827997239727e+00
2.320000000000000000e+09,4.655841455647860272e+01,6.269672907916370264e+01,2.714995648580360021e-01,4.730255216590446565e-01,-5.265638959380156692e+00
2.321000000000000000e+09,4.681490945348867427e+01,6.288911479381174274e+01,2.736067444988762865e-01,4.718511754907669942e-01,-5.265069243858126136e+00
2.322000000000000000e+09,4.707667757749691617e+01,6.307653215892010934e+01,2.756839503534391778e-01,4.706315228215424695e-01,-5.265193498700416974e+00
2.323000000000000000e+09,4.734411201004995462e+01,6.325809186669096817e+01,2.777266993655837513e-01,4.693620380416325677e-01,-5.266110787191174758e+00
2.324000000000000000e+09,4.761748346668760234e+01,6.343283475577081987e+01,2.797297941561954771e-01,4.680389139757590300e-01,-5.267916769059373117e+00
2.325000000000000000e+09,4.789693188225863452e+01,6.359974753687070859e+01,2.816874319153623296e-01,4.666591394068334564e-01,-5.270702159574672585e+00
2.326000000000000000e+09,4.818245985966997580e+01,6.375777947903601017e+01,2.835933205840015514e-01,4.652205612774225618e-01,-5.274551312410333814e+00
2.327000000000000000e+09,4.847392810115658079e+01,6.390585987551404656e+01,2.854408002766829489e-01,4.637219309802410594e-01,-5.279540938163903796e+00
2.328000000000000000e+09,4.877105293477737291e+01,6.404291608918279621e+01,2.872229678635035977e-01,4.621629344131613637e-01,-5.285738967485161588e+00
2.329000000000000000e+09,4.907340603829269554e+01,6.416789195493272757e+01,2.889328026280915673e-01,4.605442057379350307e-01,-5.293203565153927315e+00
2.330000000000000000e+09,4.938041644633420191e+01,6.427976629133550546e+01,2.905632909506832839e-01,4.588673250409425752e-01,-5.301982299211040583e+00
2.331000000000000000e+09,4.969137490355669939e+01,6.437757124790809371e+01,2.921075480284610060e-01,4.571348003449816066e-01,-5.312111467379684093e+00
2.332000000000000000e+09,5.000544059542524167e+01,6.446041018922154819e+01,2.935589347385453851e-01,4.553500346594854253e-01,-5.323615581504661520e+00
2.333000000000000000e+09,5.032165024906483808e+01,6.452747479523981156e+01,2.949111678700919725e-01,4.535172789792882853e-01,-5.336507009545029767e+00
2.334000000000000000e+09,5.063892954944741831e+01,6.457806104099302047e+01,2.961584220984925797e-01,4.516415723458175879e-01,-5.350785773728700789e+00
2.335000000000000000e+09,5.095610676201273748e+01,6.461158371041686621e+01,2.972954222439719296e-01,4.497286702666381530e-01,-5.366439502750979251e+00
2.336000000000000000e+09,5.127192839321762108e+01,6.462758910115995548e+01,2.983175245457792002e-01,4.477849629471179482e-01,-5.383443535302193439e+00
2.337000000000000000e+09,5.158507665774681072e+01,6.462576559127340659e+01,2.992207858884741167e-01,4.458173849195457006e-01,-5.401761171669288153e+00
2.338000000000000000e+09,5.189418845801086633e+01,6.460595176628187630e+01,3.000020201348670978e-01,4.438333177588209555e-01,-5.421344069599392412e+00
2.339000000000000000e+09,5.219787552138843978e+01,6.456814184681286406e+01,3.006588409474132972e-01,4.418404876486072830e-01,-5.442132779973846368e+00
2.340000000000000000e+09,5.249474528693166064e+01,6.451248821248849197e+01,3.011896907125020673e-01,4.398468596069891601e-01,-5.464057417059403399e+00
2.341000000000000000e+09,5.278342208943887215e+01,6.443930088598128236e+01,3.015938554163234420e-01,4.378605301960459273e-01,-5.487038457131212965e+00
2.342000000000000000e+09,5.306256815815843453e+01,6.434904391988699501e+01,3.018714655531793412e-01,4.358896205255159417e-01,-5.510987658068215111e+00
2.343000000000000000e+09,5.333090393258747497e+01,6.424232871538114864e+01,3.020234833734874447e-01,4.339421713177912809e-01,-5.535809091087326550e+00
2.344000000000000000e+09,5.358722720081006941e+01,6.411990439180237900e+01,3.020516769959134540e-01,4.320260417308559586e-01,-5.561400274113317721e+00
2.345000000000000000e+09,5.383043058749108667e+01,6.398264541615293410e+01,3.019585821126831160e-01,4.301488135391929868e-01,-5.587653394399088924e+00
2.346000000000000000e+09,5.405951695884515829e+01,6.383153678664636743e+01,3.017474522061934228e-01,4.283177021520988559e-01,-5.614456605961327895e+00
2.347000000000000000e+09,5.427361236933878530e+01,6.366765714057461167e+01,3.014221983657638382e-01,4.265394758064707803e-01,-5.641695385247706085e+00
2.348000000000000000e+09,5.447197624715493447e+01,6.349216022009155580e+01,3.009873199433671931e-01,4.248203841098485700e-01,-5.669253926287547429e+00
2.349000000000000000e+09,5.465400859928908517e+01,6.330625517687214909e+01,3.004478274143791983e-01,4.231660969319188115e-01,-5.697016554505305308e+00
2.350000000000000000e+09,5.481925410855250647e+01,6.311118622584341864e+01,2.998091589121364975e-01,4.215816544521709952e-01,-5.724869136509063594e+00
2.351000000000000000e+09,5.496740308938454689e+01,6.290821216820221906e+01,2.990770919821871821e-01,4.200714289710489324e-01,-5.752700461629302708e+00
2.352000000000000000e+09,5.509828936277782674e+01,6.269858629478230228e+01,2.982576521526502655e-01,4.186390988852083939e-01,-5.780403569899807970e+00
2.353000000000000000e+09,5.521188519861296840e+01,6.248353715367046135e+01,2.973570199408181458e-01,4.172876350178013061e-01,-5.807877000656630706e+00
2.354000000000000000e+09,5.530829355262316938e+01,6.226425062288672052e+01,2.963814379129597887e-01,4.160192992853919414e-01,-5.835025936083209075e+00
2.355000000000000000e+09,5.538773789212756071e+01,6.204185367281309738e+01,2.953371193847881826e-01,4.148356554776919669e-01,-5.861763214920941323e+00
2.356000000000000000e+09,5.545054995757057270e+01,6.181740013722115634e+01,2.942301602950824213e-01,4.137375917278380832e-01,-5.888010193239353818e+00
2.357000000000000000e+09,5.549715584467934804e+01,6.159185873980624848e+01,2.930664557058045294e-01,4.127253540626576456e-01,-5.913697431620736467e+00
2.358000000000000000e+09,5.552806081454023968e+01,6.136610354863174877e+01,2.918516222803666516e-01,4.117985902471066884e-01,-5.938765191324923975e+00
2.359000000000000000e+09,5.554383324676758349e+01,6.114090695709912637e+01,2.905909279694784964e-01,4.109564029774190885e-01,-5.963163725883959820e+00
2.360000000000000000e+09,5.554508814553457796e+01,6.091693521982432458e+01,2.892892299935377887e-01,4.101974113358760055e-01,-5.986853359017276333e+00
2.361000000000000000e+09,5.553247059140309716e+01,6.069474650735783428e+01,2.879509220542980086e-01,4.095198192984678687e-01,-6.009804344609436022e+00
2.362000000000000000e+09,5.550663950578687178e+01,6.047479138666287213e+01,2.865798915394441870e-01,4.089214899867616992e-01,-6.031996509581882826e+00
2.363000000000000000e+09,5.546825206176322354e+01,6.025741558561031752e+01,2.851794873044816714e-01,4.084000242782897527e-01,-6.053418685635434393e+00
2.364000000000000000e+09,5.541794903703270592e+01,6.004286485985497990e+01,2.837524984302298159e-01,4.079528423366960976e-01,-6.074067940853221437e+00
2.365000000000000000e+09,5.535634136412122785e+01,5.983129174915792703e+01,2.823011441641612995e-01,4.075772665941706507e-01,-6.093948626862028206e+00
2.366000000000000000e+09,5.528399809115415309e+01,5.962276398699042801e+01,2.808270750630916246e-01,4.072706047145214225e-01,-6.113071261497228015e+00
2.367000000000000000e+09,5.520143592506626362e+01,5.941727431125813297e+01,2.793313851663407621e-01,4.070302310853081695e-01,-6.131451270578899937e+00
2.368000000000000000e+09,5.510911048894215014e+01,5.921475141424493671e+01,2.778146348454913483e-01,4.068536654311126211e-01,-6.149107615395040582e+00
2.369000000000000000e+09,5.500740938694050186e+01,5.901507176536976118e+01,2.762768838021788520e-01,4.067386472061964575e-01,-6.166061334751516299e+00
2.370000000000000000e+09,5.489664713423874787e+01,5.881807204010438994e+01,2.747177335216302030e-01,4.066832045121736017e-01,-6.182334031974900945e+00
2.371000000000000000e+09,5.477706197570104507e+01,5.862356189158482067e+01,2.731363783395083789e-01,4.066857163931296704e-01,-6.197946338065911220e+00
2.372000000000000000e+09,5.464881458535835890e+01,5.843133680739632041e+01,2.715316641451810953e-01,4.067449674849143992e-01,-6.212916382349311206e+00
2.373000000000000000e+09,5.451198860905110166e+01,5.824119080228641820e+01,2.699021536278685685e-01,4.068601941348493622e-01,-6.227258301522672568e+00
2.374000000000000000e+09,5.436659298442940269e+01,5.805292870791883786e+01,2.682461968748576786e-01,4.070311212603260342e-01,-6.240980817056708929e+00
2.375000000000000000e+09,5.421256594566801112e+01,5.786637783318992234e+01,2.665620060544098280e-01,4.072579893772073634e-01,-6.254085909530776810e+00
2.376000000000000000e+09,5.404978059460913187e+01,5.768139878320109659e+01,2.648477328611793524e-01,4.075415713986203503e-01,-6.266567616782895200e+00
2.377000000000000000e+09,5.387805189555097485e+01,5.749789524194544299e+01,2.631015473694044982e-01,4.078831789790270390e-01,-6.278410980782743067e+00
2.378000000000000000e+09,5.369714492775386105e+01,5.731582254339237892e+01,2.613217169292108566e-01,4.082846583542884544e-01,-6.289591165951312846e+00
2.379000000000000000e+09,5.350678420825580162e+01,5.713519487819083054e+01,2.595066837538302362e-01,4.087483758030630576e-01,-6.300072769281904073e+00
2.380000000000000000e+09,5.330666387830496689e+01,5.695609100883142872e+01,2.576551398799918902e-01,4.092771930254219814e-01,-6.309809340070069439e+00
2.381000000000000000e+09,5.309645853027396356e+01,5.677865839482805654e+01,2.557660982393251126e-01,4.098744328983023322e-01,-6.318743124320018723e+00
2.382000000000000000e+09,5.287583443905610636e+01,5.660311566113403359e+01,2.538389586541420773e-01,4.105438362218285508e-01,-6.326805045926462867e+00
2.383000000000000000e+09,5.264446095343732424e+01,5.642975337720812945e+01,2.518735676650484812e-01,4.112895102131486347e-01,-6.333914933486473942e+00
2.384000000000000000e+09,5.240202179949594097e+01,5.625893315025344776e+01,2.498702712085809630e-01,4.121158696331708171e-01,-6.339981998021682941e+00
2.385000000000000000e+09,5.214822605033864988e+01,5.609108507332338434e+01,2.478299592886772096e-01,4.130275715444404749e-01,-6.344905562935609922e+00
2.386000000000000000e+09,5.188281852483560641e+01,5.592670360615596081e+01,2.457541019238307645e-01,4.140294447937967748e-01,-6.348576043157829751e+00
2.387000000000000000e+09,5.160558939266524447e+01,5.576634200257337426e+01,2.436447758000472308e-01,4.151264153900225962e-01,-6.350876165621032854e+00
2.388000000000000000e+09,5.131638278380273732e+01,5.561060543178673754e+01,2.415046812156063649e-01,4.163234290034239504e-01,-6.351682418000269337e+00
2.389000000000000000e+09,5.101510422715958981e+01,5.546014297069974219e+01,2.393371490644801702e-01,4.176253718504948087e-01,-6.350866707079648954e+00
2.390000000000000000e+09,5.070172677468314504e+01,5.531563866914058281e+01,2.371461377685377125e-01,4.190369912421663123e-01,-6.348298202312555816e+00
2.391000000000000000e+09,5.037629570282958724e+01,5.517780190884139557e+01,2.349362202315351256e-01,4.205628170686100953e-01,-6.343845334275525438e+00
2.392000000000000000e+09,5.003893172169337333e+01,5.504735728918281978e+01,2.327125610478699425e-01,4.222070854675157303e-01,-6.337377911998713031e+00
2.393000000000000000e+09,4.968983266179415637e+01,5.492503427774793323e+01,2.304808843534804641e-01,4.239736658768173960e-01,-6.328769317852577458e+00
2.394000000000000000e+09,4.932927364810241500e+01,5.481155686148333217e+01,2.282474328527784868e-01,4.258659926080489155e-01,-6.317898734073377653e+00
2.395000000000000000e+09,4.895760580885336566e+01,5.470763342494623060e+01,2.260189186917451465e-01,4.278870019940120284e-01,-6.304653351431959152e+00
2.396000000000000000e+09,4.857525360165804074e+01,5.461394706630188978e+01,2.238024669712418702e-01,4.300390760659802969e-01,-6.288930508288565591e+00
2.397000000000000000e+09,4.818271087020080756e+01,5.453114654026214936e+01,2.216055528043878453e-01,4.323239936027593600e-01,-6.270639707601288748e+00
2.398000000000000000e+09,4.778053577041622901e+01,5.445983799110950230e+01,2.194359329157743732e-01,4.347428892688660618e-01,-6.249704460569695641e+00
2.399000000000000000e+09,4.736934472484242775e+01,5.440057760958257660e+01,2.173015728571933980e-01,4.372962214237533507e-01,-6.226063908619725140e+00
2.400000000000000000e+09,4.694980557745139294e+01,5.435386531602328120e+01,2.152105709731996219e-01,4.399837490409835294e-01,-6.199674180382103827e+00
2.401000000000000000e+09,4.652263012865415703e+01,5.432013954013916646e+01,2.131710802896383539e-01,4.428045180276909965e-01,-6.170509447081568233e+00
2.402000000000000000e+09,4.608856623158820298e+01,5.429977313626368129e+01,2.111912295187404753e-01,4.457568570832398103e-01,-6.138562648109938458e+00
2.403000000000000000e+09,4.564838962672446598e+01,5.429307044321708275e+01,2.092790443754065088e-01,4.488383830840683153e-01,-6.103845868166843047e+00
2.404000000000000000e+09,4.520289568298787231e+01,5.430026547071299348e+01,2.074423703811731357e-01,4.520460158317598509e-01,-6.066390357788088217e+00
2.405000000000000000e+09,4.475289120078973326e+01,5.432152117043091266e+01,2.056887982954661298e-01,4.553760018559054878e-01,-6.026246199851189367e+00
2.406000000000000000e+09,4.429918641657195622e+01,5.435692972986606009e+01,2.040255932590785415e-01,4.588239468244710295e-01,-5.983481635233581564e+00
2.407000000000000000e+09,4.384258733057519919e+01,5.440651381112306240e+01,2.024596286632763809e-01,4.623848559844870310e-01,-5.938182070694903558e+00
2.408000000000000000e+09,4.338388846050846581e+01,5.447022864498760697e+01,2.009973256710982648e-01,4.660531819368070594e-01,-5.890448800805461183e+00
2.409000000000000000e+09,4.292386610443758599e+01,5.454796488273325394e+01,1.996445992166895889e-01,4.698228789422810303e-01,-5.840397482975660637e+00
2.410000000000000000e+09,4.246327217726175718e+01,5.463955210390967210e+01,1.984068111958086078e-01,4.736874628645960095e-01,-5.788156410087578863e+00
2.411000000000000000e+09,4.200282866722899655e+01,5.474476287739133795e+01,1.972887314379041523e-01,4.776400757783947348e-01,-5.733864628745215519e+00
2.412000000000000000e+09,4.154322274249547320e+01,5.486331727476137132e+01,1.962945069194805547e-01,4.816735542114154445e-01,-5.677669952715449497e+00
2.413000000000000000e+09,4.108510252311952371e+01,5.499488773911891570e+01,1.954276395420965484e-01,4.857804999467318918e-01,-5.619726920820491856e+00
2.414000000000000000e+09,4.062907352125494498e+01,5.513910421810987827e+01,1.946909726585506761e-01,4.899533522865699431e-01,-5.560194746543790423e+00
2.415000000000000000e+09,4.017569574177402814e+01,5.529555947684971784e+01,1.940866863898850492e-01,4.941844606724679623e-01,-5.499235303188888757e+00
2.416000000000000000e+09,3.972548142706025942e+01,5.546381451397482465e+01,1.936163016361681644e-01,4.984661565678261685e-01,-5.437011183886272470e+00
2.417000000000000000e+09,3.927889342313206100e+01,5.564340401189162577e+01,1.932806925477272564e-01,5.027908235378020230e-01,-5.373683870402921059e+00
2.418000000000000000e+09,3.883634413945306818e+01,5.583384176003994526e+01,1.930801070929300534e-01,5.071509645070261252e-01,-5.309412038899941066e+00
2.419000000000000000e+09,3.839819507146042099e+01,5.603462599737349592e+01,1.930141952356721480e-01,5.115392652373021987e-01,-5.244350024796775145e+00
2.420000000000000000e+09,3.796475685280342560e+01,5.624524462706744288e+01,1.930820441224194439e-01,5.159486531435947265e-01,-5.178646463003845568e+00
2.421000000000000000e+09,3.753628980321666830e+01,5.646518026256657663e+01,1.932822195766808193e-01,5.203723506561784840e-01,-5.112443114184693549e+00
2.422000000000000000e+09,3.711300493762199437e+01,5.669391506940512926e+01,1.936128131096528648e-01,5.248039224379192902e-01,-5.045873882567973645e+00
2.423000000000000000e+09,3.669506540219683899e+01,5.693093537175886354e+01,1.940714935808345309e-01,5.292373158766312535e-01,-4.979064026253829489e+00
2.424000000000000000e+09,3.628258830353811959e+01,5.717573599646492966e+01,1.946555625826376368e-01,5.336668943913507324e-01,-4.912129557009031089e+00
2.425000000000000000e+09,3.587564689751693692e+01,5.742782433034427214e+01,1.953620125792810969e-01,5.380874632160110860e-01,-4.845176823240127995e+00
2.426000000000000000e+09,3.547427310477351625e+01,5.768672406920530449e+01,1.961875868030152625e-01,5.424942874525233716e-01,-4.778302267155324579e+00
2.427000000000000000e+09,3.507846031996493963e+01,5.795197863901402258e+01,1.971288399002312786e-01,5.468831023151897730e-01,-4.711592345037392882e+00
2.428000000000000000e+09,3.468816648174315986e+01,5.822315427155387368e+01,1.981821983262885001e-01,5.512501156178740702e-01,-4.645123597989112341e+00
2.429000000000000000e+09,3.430331737000182102e+01,5.849984271859315044e+01,1.993440195105184720e-01,5.555920026820012625e-01,-4.578962859416685127e+00
2.430000000000000000e+09,3.392381009617371745e+01,5.878166359029572163e+01,2.006106488513789698e-01,5.599058939654286693e-01,-4.513167584810406474e+00
2.431000000000000000e+09,3.354951675133668232e+01,5.906826630547288204e+01,2.019784736552272530e-01,5.641893558274690967e-01,-4.447786288998468507e+00
2.432000000000000000e+09,3.318028817567073929e+01,5.935933164339425616e+01,2.034439731996110501e-01,5.684403649519751411e-01,-4.382859075925621184e+00
2.433000000000000000e+09,3.281595781148507029e+01,5.965457288934977242e+01,2.050037641820735279e-01,5.726572770469386953e-01,-4.318418246085007794e+00
2.434000000000000000e+09,3.245634560073821007e+01,5.995373656903009874e+01,2.066546409067058221e-01,5.768387905237958302e-01,-4.254488966966135877e+00
2.435000000000000000e+09,3.210126188681132220e+01,6.025660277010872790e+01,2.083936096614734390e-01,5.809839059315438092e-01,-4.191089992234289241e+00
2.436000000000000000e+09,3.175051127941397411e+01,6.056298505314617131e+01,2.102179168478257587e-01,5.850918819786330438e-01,-4.128234415802803703e+00
2.437000000000000000e+09,3.140389644101789912e+01,6.087272995806380749e+01,2.121250705384440938e-01,5.891621890187024313e-01,-4.065930447480130994e+00
2.438000000000000000e+09,3.106122175324163592e+01,6.118571611688054901e+01,2.141128552571996413e-01,5.931944609040622485e-01,-4.004182197457656578e+00
2.439000000000000000e+09,3.072229682224954672e+01,6.150185298806056977e+01,2.161793398953949508e-01,5.971884461229906016e-01,-3.942990457549503169e+00
2.440000000000000000e+09,3.038693978354364944e+01,6.182107923258345039e+01,2.183228787982814667e-01,6.011439591335434596e-01,-3.882353467799259494e+00
2.441000000000000000e+09,3.005498036856722166e+01,6.214336075656169811e+01,2.205421061734861576e-01,6.050608327877318171e-01,-3.822267657836906363e+00
2.442000000000000000e+09,2.972626269829929058e+01,6.246868844977183244e+01,2.228359240865853408e-01,6.089388727063155260e-01,-3.762728353201780784e+00
2.443000000000000000e+09,2.940064777249323313e+01,6.279707565367093025e+01,2.252034844166272975e-01,6.127778144165872964e-01,-3.703730437751903359e+00
2.444000000000000000e+09,2.907801562733170542e+01,6.312855539621723722e+01,2.276441652443022545e-01,6.165772840045137260e-01,-3.645268964254479993e+00
2.445000000000000000e+09,2.875826713894764808e+01,6.346317743397493416e+01,2.301575422360413736e-01,6.203367629595902821e-01,-3.587339706296928554e+00
2.446000000000000000e+09,2.844132545540127666e+01,6.380100514445178561e+01,2.327433556671779369e-01,6.240555578070298148e-01,-3.529939645768203071e+00
2.447000000000000000e+09,2.812713704515494584e+01,6.414211231333381136e+01,2.354014737952482839e-01,6.277327750291098463e-01,-3.473067391326039477e+00
2.448000000000000000e+09,2.781567235573182018e+01,6.448657986218000815e+01,2.381318533494544976e-01,6.313673016771481628e-01,-3.416723524476781293e+00
2.449000000000000000e+09,2.750692608191370780e+01,6.483449256222588986e+01,2.409344979435417700e-01,6.349577919695841288e-01,-3.360910871132087419e+00
2.450000000000000000e+09,2.720091704840012881e+01,6.518593577922285931e+01,2.438094152462834951e-01,6.385026600617336179e-01,-3.305634697753925266e+00
2.451000000000000000e+09,2.689768771717133689e+01,6.554099229275774974e+01,2.467565737560530881e-01,6.420000790609072805e-01,-3.250902832433332890e+00
2.452000000000000000e+09,2.659730333475047104e+01,6.589973923133945277e+01,2.497758600236865134e-01,6.454479862486927066e-01,-3.196725712446224499e+00
2.453000000000000000e+09,2.629985073906284399e+01,6.626224516177143187e+01,2.528670371509492698e-01,6.488440943620190637e-01,-3.143116360970517054e+00
2.454000000000000000e+09,2.600543684953986912e+01,6.662856736809492020e+01,2.560297053611425566e-01,6.521859086782766379e-01,-3.090090296706820450e+00
2.455000000000000000e+09,2.571418686750341109e+01,6.699874935176205781e+01,2.592632653940410425e-01,6.554707495486280511e-01,-3.037665381105597362e+00
2.456000000000000000e+09,2.542624221662696726e+01,6.737281858083916575e+01,2.625668854206557046e-01,6.586957799298294169e-01,-2.985861608742998108e+00
2.457000000000000000e+09,2.514175825545006404e+01,6.775078451202615781e+01,2.659394721050465926e-01,6.618580373794750171e-01,-2.934700847098230536e+00
2.458000000000000000e+09,2.486090179551828783e+01,6.813263690523670846e+01,2.693796463620147796e-01,6.649544699042433393e-01,-2.884206532553394986e+00
2.459000000000000000e+09,2.458384845979150768e+01,6.851834444649503553e+01,2.728857242723662369e-01,6.679819749865592016e-01,-2.834403329858007581e+00
2.460000000000000000e+09,2.431077991657485882e+01,6.890785369103640789e+01,2.764557035230107429e-01,6.709374410629694863e-01,-2.785316762575965832e+00
2.461000000000000000e+09,2.404188102443198716e+01,6.930108833481219222e+01,2.800872556392552948e-01,6.738177906884665891e-01,-2.736972822162264229e+00
2.462000000000000000e+09,2.377733692343606720e+01,6.969794881911667517e+01,2.837777241728742239e-01,6.766200245952898040e-01,-2.689397563310915285e+00
2.463000000000000000e+09,2.351733010775429022e+01,7.009831226978803898e+01,2.875241289037746562e-01,6.793412658429043294e-01,-2.642616693081869972e+00
2.464000000000000000e+09,2.326203751402457698e+01,7.050203276937838837e+01,2.913231760070593701e-01,6.819788032578923964e-01,-2.596655161067443096e+00
2.465000000000000000e+09,2.301162765932725662e+01,7.090894195780909115e+01,2.951712740328499840e-01,6.845301333782330966e-01,-2.551536757512387510e+00
2.466000000000000000e+09,2.276625786180943578e+01,7.131884995430020524e+01,2.990645554451777377e-01,6.869930001456446833e-01,-2.507283725870177449e+00
2.467000000000000000e+09,2.252607157623256739e+01,7.173154659071683170e+01,3.029989033700932199e-01,6.893654316315309671e-01,-2.463916395779924606e+00
2.468000000000000000e+09,2.229119587587237206e+01,7.214680294389219739e+01,3.069699831137696067e-01,6.916457731359917371e-01,-2.421452841895664232e+00
2.469000000000000000e+09,2.206173911131126530e+01,7.256437315187280035e+01,3.109732779298524652e-01,6.938327160641867275e-01,-2.379908573410208117e+00
2.470000000000000000e+09,2.183778877568211385e+01,7.298399649638577102e+01,3.150041284434013100e-01,6.959253220590353450e-01,-2.339296258498818837e+00
2.471000000000000000e+09,2.161940960482237983e+01,7.340539973107483718e+01,3.190577750772110033e-01,6.979230419522917117e-01,-2.299625487278707414e+00
2.472000000000000000e+09,2.140664193950132699e+01,7.382829963219236902e+01,3.231294027763572663e-01,6.998257291861815776e-01,-2.260902576244600670e+00
2.473000000000000000e+09,2.119950037533152809e+01,7.425240574546562300e+01,3.272141872891488612e-01,7.016336474533350076e-01,-2.223130416507446583e+00
2.474000000000000000e+09,2.099797272409820081e+01,7.467742329976989879e+01,3.313073422377190713e-01,7.033474724020197799e-01,-2.186308367539135489e+00
2.475000000000000000e+09,2.080201930794384424e+01,7.510305625511634275e+01,3.354041661998857227e-01,7.049682873551287310e-01,-2.150432197511633170e+00
2.476000000000000000e+09,2.061157260508076305e+01,7.552901044931807917e+01,3.395000890253749848e-01,7.064975730930904696e-01,-2.115494070720166597e+00
2.477000000000000000e+09,2.042653726239592871e+01,7.595499680465948700e+01,3.435907166243323263e-01,7.079371918512452622e-01,-2.081482581995501846e+00
2.478000000000000000e+09,2.024679048642358481e+01,7.638073455303468506e+01,3.476718734935596022e-01,7.092893657795859008e-01,-2.048382837441642845e+00
2.479000000000000000e+09,2.007218281967395512e+01,7.680595443547963441e+01,3.517396422857740346e-01,7.105566502053809463e-01,-2.016176580282992958e+00
2.480000000000000000e+09,1.990253930421982886e+01,7.723040182993962333e+01,3.557903997786467376e-01,7.117419021256707889e-01,-1.984842360067772260e+00
2.481000000000000000e+09,1.973766102880233220e+01,7.765383975960486396e+01,3.598208486623156732e-01,7.128482444354518055e-01,-1.954355742954816622e+00
2.482000000000000000e+09,1.957732704959193981e+01,7.807605173338508564e+01,3.638280446356430553e-01,7.138790264672517649e-01,-1.924689560308740610e+00
2.483000000000000000e+09,1.942129666822765088e+01,7.849684437017991456e+01,3.678094183812101181e-01,7.148377814777370221e-01,-1.895814192346148008e+00
2.484000000000000000e+09,1.926931204401059716e+01,7.891604975966878044e+01,3.717627920756723658e-01,7.157281817658591727e-01,-1.867697883117478419e+00
2.485000000000000000e+09,1.912110111029716109e+01,7.933352751446909679e+01,3.756863901840690745e-01,7.165539921442487525e-01,-1.840307082678608541e+00
2.486000000000000000e+09,1.897638075842798955e+01,7.974916647174823936e+01,3.795788443823938652e-01,7.173190225104312256e-01,-1.813606811910339012e+00
2.487000000000000000e+09,1.883486024613942078e+01,8.016288600675407849e+01,3.834391925507207310e-01,7.180270802766804961e-01,-1.787561045088465139e+00
2.488000000000000000e+09,1.869624478155885683e+01,8.057463692619155893e+01,3.872668718774807672e-01,7.186819234167935999e-01,-1.762133105001285838e+00
2.489000000000000000e+09,1.856023922879543875e+01,8.098440191588166215e+01,3.910617062128310395e-01,7.192872148748152838e-01,-1.737286065162663373e+00
2.490000000000000000e+09,1.842655187700040287e+01,8.139219552453576512e+01,3.948238879034401960e-01,7.198464790551245551e-01,-1.712983153486796528e+00
2.491000000000000000e+09,1.829489821177400444e+01,8.179806367363053710e+01,3.985539544312026727e-01,7.203630610757426611e-01,-1.689188151683701733e+00
2.492000000000000000e+09,1.816500462607414335e+01,8.220208269204925955e+01,4.022527602626351229e-01,7.208400894179617380e-01,-1.665865784610863987e+00
2.493000000000000000e+09,1.803661200744264548e+01,8.260435788314640604e+01,4.059214443927918747e-01,7.212804425463200664e-01,-1.642982093882540795e+00
2.494000000000000000e+09,1.790947913945876735e+01,8.300502164093906288e+01,4.095613941361493926e-01,7.216867200045705699e-01,-1.620504790199670087e+00
2.495000000000000000e+09,1.778338585785924053e+01,8.340423114096726920e+01,4.131742057759483222e-01,7.220612184168379022e-01,-1.598403579122849472e+00
2.496000000000000000e+09,1.765813590567847058e+01,8.380216563974043709e+01,4.167616427320083861e-01,7.224059127399070634e-01,-1.576650455369448700e+00
2.497000000000000000e+09,1.753355943694984731e+01,8.419902342435986498e+01,4.203255919443165123e-01,7.227224430240524189e-01,-1.555219961170439813e+00
2.498000000000000000e+09,1.740951512482964958e+01,8.459501846066368103e+01,4.238680191951619269e-01,7.230121068473888135e-01,-1.534089404768649301e+00
2.499000000000000000e+09,1.728589183726264977e+01,8.499037679389822131e+01,4.273909241058494457e-01,7.232758574940749696e-01,-1.513239035769097240e+00
2.500000000000000000e+09,1.716260985128112182e+01,8.538533276035359165e+01,4.308962955449693877e-01,7.235143078513915915e-01,-1.492652174752393313e+00
2.501000000000000000e+09,1.703962158549386885e+01,8.578012507152604371e+01,4.343860681738829776e-01,7.237277399062824745e-01,-1.472315295320864248e+00
2.502000000000000000e+09,1.691691183902100093e+01,8.617499283414213096e+01,4.378620808316565083e-01,7.239161196300698542e-01,-1.452218057547745911e+00
2.503000000000000000e+09,1.679449753383548583e+01,8.657017156983630457e+01,4.413260374267831687e-01,7.240791169521729742e-01,-1.432353292624371166e+00
2.504000000000000000e+09,1.667242696596602158e+01,8.696588929745360019e+01,4.447794709571074034e-01,7.242161304412358946e-01,-1.412716939331517985e+00
2.505000000000000000e+09,1.655077857909161310e+01,8.736236273897097249e+01,4.482237112234016552e-01,7.243263162364996788e-01,-1.393307933778365815e+00
2.506000000000000000e+09,1.642965928156997180e+01,8.775979370702040683e+01,4.516598567369540795e-01,7.244086207046647186e-01,-1.374128054638919183e+00
2.507000000000000000e+09,1.630920233474947523e+01,8.815836572809983807e+01,4.550887512484088071e-01,7.244618162390966676e-01,-1.355181726852559221e+00
2.508000000000000000e+09,1.618956484644370875e+01,8.855824095096008364e+01,4.585109652453719375e-01,7.244845395698294999e-01,-1.336475787427381379e+00
2.509000000000000000e+09,1.607092490865067091e+01,8.895955738449259798e+01,4.619267826810625199e-01,7.244753319152545945e-01,-1.318019217579180280e+00
2.510000000000000000e+09,1.595347842295668883e+01,8.936242650390892095e+01,4.653361931073446423e-01,7.244326802802029119e-01,-1.299822845942686600e+00
2.511000000000000000e+09,1.583743566061579244e+01,8.976693125820624175e+01,4.687388892939553520e-01,7.243550591906779967e-01,-1.281899027999379159e+00
2.512000000000000000e+09,1.572301760706891294e+01,9.017312450600886109e+01,4.721342703235260063e-01,7.242409721529939892e-01,-1.264261307170511550e+00
2.513000000000000000e+09,1.561045214273734061e+01,9.058102790093529677e+01,4.755214500603799910e-01,7.240889921344890734e-01,-1.246924063224422508e+00
2.514000000000000000e+09,1.549997011336684061e+01,9.099063124174691097e+01,4.788992708017000277e-01,7.238978003840597086e-01,-1.229902153744295346e+00
2.515000000000000000e+09,1.539180134407360967e+01,9.140189229673549676e+01,4.822663218340644264e-01,7.236662229431654048e-01,-1.213210554398400864e+00
2.516000000000000000e+09,1.528617065164649169e+01,9.181473710609682826e+01,4.856209625377009842e-01,7.233932642409784952e-01,-1.196864003657322595e+00
2.517000000000000000e+09,1.518329390961804037e+01,9.222906076044769463e+01,4.889613496067963250e-01,7.230781372203310964e-01,-1.180876657416122022e+00
2.518000000000000000e+09,1.508337422020028740e+01,9.264472864811750696e+01,4.922854678876268375e-01,7.227202895030232499e-01,-1.165261758715035567e+00
2.519000000000000000e+09,1.498659824638701465e+01,9.306157815838385261e+01,4.955911642785625348e-01,7.223194251728610737e-01,-1.150031327417299742e+00
2.520000000000000000e+09,1.489313275636208544e+01,9.347942082237499051e+01,4.988761840878543907e-01,7.218755218312866706e-01,-1.135195874307771913e+00
2.521000000000000000e+09,1.480312143079195764e+01,9.389804486790102089e+01,5.021382092073151115e-01,7.213888426623241701e-01,-1.120764143630801568e+00
2.522000000000000000e+09,1.471668198158030805e+01,9.431721815900596084e+01,5.053748974332832322e-01,7.208599433293528813e-01,-1.106742887598860747e+00
2.523000000000000000e+09,1.463390362814757140e+01,9.473669148552369279e+01,5.085839222507672064e-01,7.202896736145885104e-01,-1.093136675884206932e+00
2.524000000000000000e+09,1.455484497420917478e+01,9.515620216242851370e+01,5.117630123928355035e-01,7.196791738014952644e-01,-1.079947742561510049e+00
2.525000000000000000e+09,1.447953232427181725e+01,9.557547789332777199e+01,5.149099904949725470e-01,7.190298658892374517e-01,-1.067175872407627013e+00
2.526000000000000000e+09,1.440795847457668089e+01,9.599424084714733851e+01,5.180228101832334842e-01,7.183434398151994360e-01,-1.054818327891055452e+00
2.527000000000000000e+09,1.434008200792517229e+01,9.641221189201047537e+01,5.210995909650588676e-01,7.176218349451272127e-01,-1.042869817604270777e+00
2.528000000000000000e+09,1.427582711568630636e+01,9.682911492566070422e+01,5.241386503321467938e-01,7.168672171691676809e-01,-1.031322506311321607e+00
2.529000000000000000e+09,1.421508396328244039e+01,9.724468123769209171e+01,5.271385325350423923e-01,7.160819520147305717e-01,-1.020166066205430599e+00
2.530000000000000000e+09,1.415770960761355290e+01,9.765865383549650858e+01,5.300980335481184635e-01,7.152685742524959034e-01,-1.009387768401277752e+00
2.531000000000000000e+09,1.410352946626644233e+01,9.807079166343304166e+01,5.330162218105335414e-01,7.144297545289177709e-01,-9.989726131280441956e-01
2.532000000000000000e+09,1.405233932907662897e+01,9.848087364343182060e+01,5.358924544022224401e-01,7.135682636064133444e-01,-9.889034965466527716e-01
2.533000000000000000e+09,1.400390789282677773e+01,9.888870246526465735e+01,5.387263883928841146e-01,7.126869348302150575e-01,-9.791614115928826134e-01
2.534000000000000000e+09,1.395797978977855891e+01,9.929410805618090308e+01,5.415179871848411208e-01,7.117886254681108360e-01,-9.697256797521129901e-01
2.535000000000000000e+09,1.391427907059592606e+01,9.969695066264227989e+01,5.442675217561736556e-01,7.108761775855046983e-01,-9.605742102080029321e-01
2.536000000000000000e+09,1.387251309229639595e+01,1.000971234815628321e+02,5.469755667972872049e-01,7.099523791232530412e-01,-9.516837823819447317e-01
2.537000000000000000e+09,1.383237675247205978e+01,1.004945547847625704e+02,5.496429918204798204e-01,7.090199258395278870e-01,-9.430303475005301639e-01
2.538000000000000000e+09,1.379355700246877170e+01,1.008892094882489232e+02,5.522709474068423496e-01,7.080813847595643917e-01,-9.345893445020168055e-01
2.539000000000000000e+09,1.375573756478523890e+01,1.012810901272867170e+02,5.548608468363647184e-01,7.071391597491606396e-01,-9.263360253267105549e-01
2.540000000000000000e+09,1.371860377396632558e+01,1.016702372088620621e+02,5.574143434242649908e-01,7.061954597894030128e-01,-9.182457844391755941e-01
2.541000000000000000e+09,1.368184745593479157e+01,1.020567289247967864e+02,5.599333039578571203e-01,7.052522704822754562e-01,-9.102944873084156674e-01
2.542000000000000000e+09,1.364517175824332185e+01,1.024406802211596954e+02,5.624197786927115361e-01,7.043113292602336539e-01,-9.024587925323268589e-01
2.543000000000000000e+09,1.360829584326518216e+01,1.028222412323870572e+02,5.648759684232728118e-01,7.033741047085155795e-01,-8.947164623405059469e-01
2.544000000000000000e+09,1.357095935792285069e+01,1.032015951013080439e+02,5.673041891906354106e-01,7.024417803380985648e-01,-8.870466563475475352e-01
2.545000000000000000e+09,1.353292659718180957e+01,1.035789552187056302e+02,5.697068352280827419e-01,7.015152430708671005e-01,-8.794302036601722161e-01
2.546000000000000000e+09,1.349399028409647805e+01,1.039545619277471786e+02,5.720863407726050065e-01,7.005950766182207357e-01,-8.718498487642782901e-01
2.547000000000000000e+09,1.345397489653710466e+01,1.043286787492831849e+02,5.744451413876284773e-01,6.996815598511806344e-01,-8.642904670301967407e-01
2.548000000000000000e+09,1.341273947960841362e+01,1.047015881933176757e+02,5.767856354482251424e-01,6.987746701756306633e-01,-8.567392461701583972e-01
2.549000000000000000e+09,1.337017989291805087e+01,1.050735872296856002e+02,5.791101464351877670e-01,6.978740918419611416e-01,-8.491858305533597218e-01
2.550000000000000000e+09,1.332623045294078779e+01,1.054449824969551486e+02,5.814208866686437771e-01,6.969792290355125708e-01,-8.416224259204601044e-01
2.551000000000000000e+09,1.328086494241771298e+01,1.058160853326996715e+02,5.837199230855779630e-01,6.960892235142752682e-01,-8.340438627284906259e-01
2.552000000000000000e+09,1.323409697068888136e+01,1.061872067105499013e+02,5.860091456293615719e-01,6.952029764844959159e-01,-8.264476170844432534e-01
2.553000000000000000e+09,1.318597968074752380e+01,1.065586521698621141e+02,5.882902387736238525e-01,6.943191743345840106e-01,-8.188337889753994903e-01
2.554000000000000000e+09,1.313660481033400984e+01,1.069307168225507212e+02,5.905646566485114324e-01,6.934363177840041637e-01,-8.112050382586024622e-01
2.555000000000000000e+09,1.308610112529158620e+01,1.073036805187706761e+02,5.928336021753676244e-01,6.925527539478466554e-01,-8.035664796192466541e-01
2.556000000000000000e+09,1.303463225348228249e+01,1.076778032489108483e+02,5.950980105472920556e-01,6.916667107702951789e-01,-7.959255384210737194e-01
2.557000000000000000e+09,1.298239395664668727e+01,1.080533208539828536e+02,5.973585373190428705e-01,6.907763332421098523e-01,-7.882917700486429258e-01
2.558000000000000000e+09,1.292961088559568239e+01,1.084304411101885393e+02,5.996155512915278818e-01,6.898797207890658978e-01,-7.806766459576117700e-01
2.559000000000000000e+09,1.287653287099504595e+01,1.088093402464781718e+02,6.018691322951884581e-01,6.889749652004444336e-01,-7.730933101969650334e-01
2.560000000000000000e+09,1.282343080775346422e+01,1.091901599464320185e+02,6.041190738939824501e-01,6.880601884595393125e-01,-7.655563106363085790e-01
2.561000000000000000e+09,1.277059219568781678e+01,1.095730048780606154e+02,6.063648909491770045e-01,6.871335798416253748e-01,-7.580813095134031343e-01
2.562000000000000000e+09,1.271831640280452547e+01,1.099579407872201671e+02,6.086058319007897621e-01,6.861934316590138083e-01,-7.506847782082273213e-01
2.563000000000000000e+09,1.266690972027740614e+01,1.103449931824327308e+02,6.108408955458956013e-01,6.852381730573020580e-01,-7.433836813468313043e-01
2.564000000000000000e+09,1.261668028014388909e+01,1.107341466310503080e+02,6.130688520182804302e-01,6.842664013013033397e-01,-7.361951554420373967e-01
2.565000000000000000e+09,1.256793290796377427e+01,1.111253446789472719e+02,6.152882676044022503e-01,6.832769100328432987e-01,-7.291361872900958829e-01
2.566000000000000000e+09,1.252096398328974480e+01,1.115184903982847260e+02,6.174975329674180502e-01,6.822687140347691859e-01,-7.222232972679144547e-01
2.567000000000000000e+09,1.247605638083570234e+01,1.119134475603306385e+02,6.196948942951855388e-01,6.812410700954112386e-01,-7.154722325190681076e-01
2.568000000000000000e+09,1.243347456475538237e+01,1.123100424228248500e+02,6.218784868405861088e-01,6.801934936340973126e-01,-7.088976747868263040e-01
2.569000000000000000e+09,1.239345990744662274e+01,1.127080661138859199e+02,6.240463702839825766e-01,6.791257708202691479e-01,-7.025129673551642195e-01
2.570000000000000000e+09,1.235622630276705891e+01,1.131072775869330371e+02,6.261965653187189229e-01,6.780379659948806426e-01,-6.963298652035867509e-01
2.571000000000000000e+09,1.232195614141448736e+01,1.135074071135240814e+02,6.283270908418336909e-01,6.769304242818703354e-01,-6.903583120757910141e-01
2.572000000000000000e+09,1.229079671342825542e+01,1.139081602733525074e+02,6.304360011236974648e-01,6.758037693582439331e-01,-6.846062477149041925e-01
2.573000000000000000e+09,1.226285709917363853e+01,1.143092223929658076e+02,6.325214223324330254e-01,6.746588964323351201e-01,-6.790794480356268092e-01
2.574000000000000000e+09,1.223820560570048599e+01,1.147102633770826685e+02,6.345815878014267053e-01,6.734969605597761477e-01,-6.737814004945670288e-01
2.575000000000000000e+09,1.221686779989084570e+01,1.151109428688450294e+02,6.366148714509541895e-01,6.723193605042024901e-01,-6.687132163904909721e-01
2.576000000000000000e+09,1.219882518321191611e+01,1.155109156680441771e+02,6.386198188073926030e-01,6.711277184236711379e-01,-6.638735812809543058e-01
2.577000000000000000e+09,1.218401454514754079e+01,1.159098373295308733e+02,6.405951751050882326e-01,6.699238557326071541e-01,-6.592587441494757172e-01
2.578000000000000000e+09,1.217232802338773645e+01,1.163073698578641881e+02,6.425399100061022217e-01,6.687097655520649608e-01,-6.548625453991724354e-01
2.579000000000000000e+09,1.216361388867921356e+01,1.167031874090214387e+02,6.444532385307244482e-01,6.674875822169012984e-01,-6.506764831927165371e-01
2.580000000000000000e+09,1.215767806092484449e+01,1.170969819059694146e+02,6.463346378559881034e-01,6.662595483562582244e-01,-6.466898171080824875e-01
2.581000000000000000e+09,1.215428635079516440e+01,1.174884684723334516e+02,6.481838597092653975e-01,6.650279801028913251e-01,-6.428897075391820648e-01
2.582000000000000000e+09,1.215316740800790463e+01,1.178773905875661256e+02,6.500009381581934864e-01,6.637952310165409209e-01,-6.392613887468036049e-01
2.583000000000000000e+09,1.215401634378184603e+01,1.182635248681398537e+02,6.517861926754742186e-01,6.625636553264133699e-01,-6.357883729623179381e-01
2.584000000000000000e+09,1.215649898113132465e+01,1.186466853825289007e+02,6.535402264361391822e-01,6.613355711075699084e-01,-6.324526824711339534e-01
2.585000000000000000e+09,1.216025667300887925e+01,1.190267274132410193e+02,6.552639198844343316e-01,6.601132240054254918e-01,-6.292351061613861152e-01
2.586000000000000000e+09,1.216491161524270836e+01,1.194035505869072722e+02,6.569584196860911440e-01,6.588987521118108148e-01,-6.261154766224881207e-01
2.587000000000000000e+09,1.217007256918862090e+01,1.197771013034309107e+02,6.586251232583478776e-01,6.576941525751984763e-01,-6.230729635251043286e-01
2.588000000000000000e+09,1.217534089845349143e+01,1.201473744072217045e+02,6.602656591430521305e-01,6.565012504972960183e-01,-6.200863787171735364e-01
2.589000000000000000e+09,1.218031681535552657e+01,1.205144140574221581e+02,6.618818635566788844e-01,6.553216706285995841e-01,-6.171344882362755913e-01
2.590000000000000000e+09,1.218460572630728578e+01,1.208783137693720136e+02,6.634757535137209006e-01,6.541568123276021440e-01,-6.141963262744805085e-01
2.591000000000000000e+09,1.218782456135042125e+01,1.212392156159942260e+02,6.650494969757768660e-01,6.530078281927550465e-01,-6.112515060448526771e-01
2.592000000000000000e+09,1.218960797180243461e+01,1.215973085948240566e+02,6.666053805268352672e-01,6.518756067141253663e-01,-6.082805224934396682e-01
2.593000000000000000e+09,1.218961428151664528e+01,1.219528261835443601e+02,6.681457751149392221e-01,6.507607592239224026e-01,-6.052650418819773837e-01
2.594000000000000000e+09,1.218753108158277598e+01,1.223060431236185650e+02,6.696731004309830482e-01,6.496636113528616585e-01,-6.021881734367946493e-01
2.595000000000000000e+09,1.218308036528245886e+01,1.226572714874081242e+02,6.711897885163932154e-01,6.485841991239487125e-01,-5.990347185185672663e-01
2.596000000000000000e+09,1.217602310955154188e+01,1.230068560985691732e+02,6.726982472025003768e-01,6.475222697378771874e-01,-5.957913931148858255e-01
2.597000000000000000e+09,1.216616322075475765e+01,1.233551693881166216e+02,6.742008239854474505e-01,6.464772870262398552e-01,-5.924470198876621296e-01
2.598000000000000000e+09,1.215335077586782297e+01,1.237026057790030933e+02,6.756997709314391809e-01,6.454484414713912432e-01,-5.889926865146156709e-01
2.599000000000000000e+09,1.213748450474965068e+01,1.240495757001433077e+02,6.771972111882486045e-01,6.444346646163294778e-01,-5.854218676394505882e-01
2.600000000000000000e+09,1.211851347458035910e+01,1.243964993363817086e+02,6.786951076504952329e-01,6.434346476157585260e-01,-5.817305083769823693e-01
2.601000000000000000e+09,1.209643795328266869e+01,1.247438002239268968e+02,6.801952342888041292e-01,6.424468636115741038e-01,-5.779170679954436229e-01
2.602000000000000000e+09,1.207130944436547537e+01,1.250918988013164324e+02,6.816991506071810036e-01,6.414695935536436355e-01,-5.739825231035338149e-01
2.603000000000000000e+09,1.204322990071046107e+01,1.254412060241862150e+02,6.832081796396075601e-01,6.405009550308716770e-01,-5.699303303887371941e-01
2.604000000000000000e+09,1.201235013901383475e+01,1.257921171482294227e+02,6.847233898368650928e-01,6.395389336290748794e-01,-5.657663496707870943e-01
2.605000000000000000e+09,1.197886748959487768e+01,1.261450057790203374e+02,6.862455811290039120e-01,6.385814162919236647e-01,-5.614987287329817889e-01
2.606000000000000000e+09,1.194302272788895181e+01,1.265002182801598423e+02,6.877752753787074180e-01,6.376262261298010214e-01,-5.571377520599407607e-01
2.607000000000000000e+09,1.190509634402082995e+01,1.268580686228131071e+02,6.893127113673304107e-01,6.366711580993400510e-01,-5.526956562285136876e-01
2.608000000000000000e+09,1.186540421534353662e+01,1.272188337504852456e+02,6.908578443798536473e-01,6.357140149639876059e-01,-5.481864152561782833e-01
2.609000000000000000e+09,1.182429275376639666e+01,1.275827495231040700e+02,6.924103503785095093e-01,6.347526429433719697e-01,-5.436254996988322263e-01
2.610000000000000000e+09,1.178213360511914409e+01,1.279500072944534423e+02,6.939696346789471226e-01,6.337849664665601290e-01,-5.390296136967569485e-01
2.611000000000000000e+09,1.173931798187822473e+01,1.283207511669122027e+02,6.955348449684627399e-01,6.328090214612485109e-01,-5.344164144904642866e-01
2.612000000000000000e+09,1.169625071341329026e+01,1.286950759575086067e+02,6.971048884345473207e-01,6.318229866373253900e-01,-5.298042191607553741e-01
2.613000000000000000e+09,1.165334409970640905e+01,1.290730258995783970e+02,6.986784527047279481e-01,6.308252122585016330e-01,-5.252117034908418969e-01
2.614000000000000000e+09,1.161101165537694690e+01,1.294545940949095950e+02,7.002540302367353808e-01,6.298142459392969128e-01,-5.206575979017128430e-01
2.615000000000000000e+09,1.156966183099277501e+01,1.298397227221544199e+02,7.018299457422209064e-01,6.287888550557518830e-01,-5.161603853799688890e-01
2.616000000000000000e+09,1.152969179815783995e+01,1.302283039984755817e+02,7.034043861786327678e-01,6.277480454160163648e-01,-5.117380062035130628e-01
2.617000000000000000e+09,1.149148138383733020e+01,1.306201818828125170e+02,7.049754328031923034e-01,6.266910759003779807e-01,-5.074075740813227542e-01
2.618000000000000000e+09,1.145538723785381485e+01,1.310151545007123559e+02,7.065410947507456685e-01,6.256174688483442381e-01,-5.031851080664185849e-01
2.619000000000000000e+09,1.142173731546206028e+01,1.314129772623213910e+02,7.080993435742806152e-01,6.245270160418155969e-01,-4.990852842832882441e-01
2.620000000000000000e+09,1.139082575433912936e+01,1.318133666367675403e+02,7.096481481732500596e-01,6.234197802071214101e-01,-4.951212111409805106e-01
2.621000000000000000e+09,1.136290822213146967e+01,1.322160045377738697e+02,7.111855095309165264e-01,6.222960920333771018e-01,-4.913042312882860418e-01
2.622000000000000000e+09,1.133819780677545808e+01,1.326205432668894844e+02,7.127094946875749404e-01,6.211565427790312066e-01,-4.876437531170728645e-01
2.623000000000000000e+09,1.131686151699362952e+01,1.330266109522390821e+02,7.142182693917545899e-01,6.200019726114748275e-01,-4.841471141395007338e-01
2.624000000000000000e+09,1.129901745456103512e+01,1.334338174122792395e+02,7.157101288959358820e-01,6.188334548947579394e-01,-4.808194780638214705e-01
2.625000000000000000e+09,1.128473271295768754e+01,1.338417603657996722e+02,7.171835263965700147e-01,6.176522767068778341e-01,-4.776637668764007749e-01
2.626000000000000000e+09,1.127402204879032510e+01,1.342500319015558148e+02,7.186370986596464228e-01,6.164599159294535946e-01,-4.746806287119178513e-01
2.627000000000000000e+09,1.126684736278545884e+01,1.346582251136549360e+02,7.200696884219783822e-01,6.152580153080530190e-01,-4.718684417641770823e-01
2.628000000000000000e+09,1.126311801619628206e+01,1.350659408024542358e+02,7.214803632139723533e-01,6.140483539299674831e-01,-4.692233539621494254e-01
2.629000000000000000e+09,1.126269199618158723e+01,1.354727941355419034e+02,7.228684303108855458e-01,6.128328166070960981e-01,-4.667393576151047108e-01
2.630000000000000000e+09,1.126537793019801548e+01,1.358784211596911007e+02,7.242334475854577125e-01,6.116133616841640253e-01,-4.644083977214762404e-01
2.631000000000000000e+09,1.127093793489031093e+01,1.362824850528151615e+02,7.255752301042399655e-01,6.103919878162068491e-01,-4.622205121434738717e-01
2.632000000000000000e+09,1.127909126964817688e+01,1.366846820051744089e+02,7.268938523816439456e-01,6.091707002737926091e-01,-4.601640013791308270e-01
2.633000000000000000e+09,1.128951874925485122e+01,1.370847466216595194e+02,7.281896462786277002e-01,6.079514773395247040e-01,-4.582256252202471236e-01
2.634000000000000000e+09,1.130186785429346230e+01,1.374824567420370443e+02,7.294631946056906457e-01,6.067362373550744259e-01,-4.563908231743465382e-01
2.635000000000000000e+09,1.131575846267442742e+01,1.378776375837065871e+02,7.307153205612899605e-01,6.055268069642602002e-01,-4.546439551576860749e-01
2.636000000000000000e+09,1.133078911127675248e+01,1.382701651217570316e+02,7.319470732057383744e-01,6.043248910749461356e-01,-4.529685586398957686e-01
2.637000000000000000e+09,1.134654368377579026e+01,1.386599686337952733e+02,7.331597092358863588e-01,6.031320450310908576e-01,-4.513476181462247050e-01
2.638000000000000000e+09,1.136259840972404334e+01,1.390470323519559201e+02,7.343546713864533837e-01,6.019496494467282410e-01,-4.497638428056628390e-01
2.639000000000000000e+09,1.137852905130951875e+01,1.394313961812968046e+02,7.355335638386133468e-01,6.007788881067558373e-01,-4.481999474792548455e-01
2.640000000000000000e+09,1.139391814829982685e+01,1.398131554620757129e+02,7.366981250646079671e-01,5.996207292858278803e-01,-4.466389329173869327e-01
2.641000000000000000e+09,1.140836218875454833e+01,1.401924597726209072e+02,7.378501985778816996e-01,5.984759107775224907e-01,-4.450643603820142458e-01
2.642000000000000000e+09,1.142147857334270711e+01,1.405695107891314422e+02,7.389917020908325362e-01,5.973449288620538145e-01,-4.434606162342025204e-01
2.643000000000000000e+09,1.143291224454439536e+01,1.409445592381605934e+02,7.401245956063386977e-01,5.962280313734614756e-01,-4.418131621291514488e-01
2.644000000000000000e+09,1.144234185859064290e+01,1.413179009961587269e+02,7.412508489842674075e-01,5.951252149574264294e-01,-4.401087666817338206e-01
2.645000000000000000e+09,1.144948538749585154e+01,1.416898724077363170e+02,7.423724095300356929e-01,5.940362265398193564e-01,-4.383357147639538320e-01
2.646000000000000000e+09,1.145410505062976370e+01,1.420608449097247501e+02,7.434911701489150815e-01,5.929605689551331604e-01,-4.364839909669379625e-01
2.647000000000000000e+09,1.145601148957553050e+01,1.424312190612722873e+02,7.446089385972205488e-01,5.918975106140809128e-01,-4.345454342002599835e-01
2.648000000000000000e+09,1.145506711603437644e+01,1.428014180907709658e+02,7.457274083400512454e-01,5.908460990221972020e-01,-4.325138609019775204e-01
2.649000000000000000e+09,1.145118857974181203e+01,1.431718810781707987e+02,7.468481314952740702e-01,5.898051778973032455e-01,-4.303851548848310893e-01
2.650000000000000000e+09,1.144434832122042245e+01,1.435430558961056136e+02,7.479724943054666397e-01,5.887734075742889761e-01,-4.281573224368644404e-01
2.651000000000000000e+09,1.143457519217421137e+01,1.439153920352539728e+02,7.491016955342688632e-01,5.877492883317896322e-01,-4.258305119158207197e-01
2.652000000000000000e+09,1.142195414393431818e+01,1.442893334386058939e+02,7.502367281317938730e-01,5.867311862279401824e-01,-4.234069977128249729e-01
2.653000000000000000e+09,1.140662500116119027e+01,1.446653114660338701e+02,7.513783644563553077e-01,5.857173609921725310e-01,-4.208911290986432907e-01
2.654000000000000000e+09,1.138878035362883701e+01,1.450437381050468844e+02,7.525271452777345660e-01,5.847059954877045218e-01,-4.182892450911804838e-01
2.655000000000000000e+09,1.136866261307700299e+01,1.454249995361840888e+02,7.536833727216568635e-01,5.836952262354579979e-01,-4.156095570821672913e-01
2.656000000000000000e+09,1.134656029463477367e+01,1.458094501525319231e+02,7.548471072471224508e-01,5.826831744749991771e-01,-4.128620015222014827e-01
2.657000000000000000e+09,1.132280359308625606e+01,1.461974071227145657e+02,7.560181686790051758e-01,5.816679772319218733e-01,-4.100580654743156694e-01
2.658000000000000000e+09,1.129775933323461956e+01,1.465891455757216306e+02,7.571961412489884857e-01,5.806478178640599452e-01,-4.072105882973094948e-01
2.659000000000000000e+09,1.127182538088045938e+01,1.469848944744552455e+02,7.583803825296649981e-01,5.796209555708378147e-01,-4.043335431033278082e-01
2.660000000000000000e+09,1.124542460656589071e+01,1.473848332331478161e+02,7.595700360806839635e-01,5.785857533707294831e-01,-4.014418019430356921e-01
2.661000000000000000e+09,1.121899849837159735e+01,1.477890891220359038e+02,7.607640475632028165e-01,5.775407040808980819e-01,-3.985508889023976486e-01
2.662000000000000000e+09,1.119300052285926306e+01,1.481977354910356723e+02,7.619611840207779485e-01,5.764844538700150123e-01,-3.956767254449897742e-01
2.663000000000000000e+09,1.116788933489962865e+01,1.486107908327516895e+02,7.631600559720661536e-01,5.754158229993732165e-01,-3.928353724035116845e-01
2.664000000000000000e+09,1.114412193773642912e+01,1.490282186939906524e+02,7.643591419142891086e-01,5.743338234180062063e-01,-3.900427730144199190e-01
2.665000000000000000e+09,1.112214689438019377e+01,1.494499284340667771e+02,7.655568147970200910e-01,5.732376729335972865e-01,-3.873145013048295837e-01
2.666000000000000000e+09,1.110239769034332546e+01,1.498757768175228478e+02,7.667513699942579697e-01,5.721268057416740715e-01,-3.846655199840303130e-01
2.667000000000000000e+09,1.108528634590973283e+01,1.503055704184122021e+02,7.679410542793320138e-01,5.710008791597632749e-01,-3.821099517703943627e-01
2.668000000000000000e+09,1.107119737355918865e+01,1.507390688029254022e+02,7.691240952924482954e-01,5.698597764797853626e-01,-3.796608678032515893e-01
2.669000000000000000e+09,1.106048217279674972e+01,1.511759884468624193e+02,7.702987309847837416e-01,5.687036059198459226e-01,-3.773300964559051507e-01
2.670000000000000000e+09,1.105345395040865952e+01,1.516160073342158512e+02,7.714632385260764558e-01,5.675326957245209192e-01,-3.751280554876711415e-01
2.671000000000000000e+09,1.105038324894479196e+01,1.520587701729693038e+02,7.726159621745746220e-01,5.663475855296242756e-01,-3.730636100564109769e-01
2.672000000000000000e+09,1.105149415990225492e+01,1.525038941541671988e+02,7.737553396287470964e-01,5.651490141721097205e-01,-3.711439586661343659e-01
2.673000000000000000e+09,1.105696129052095955e+01,1.529509751705246003e+02,7.748799264089770711e-01,5.639379041870664633e-01,-3.693745486537085565e-01
2.674000000000000000e+09,1.106690754415467559e+01,1.533995944014469046e+02,7.759884178540560340e-01,5.627153432907618935e-01,-3.677590223307865003e-01
2.675000000000000000e+09,1.108140276380676781e+01,1.538493251625818630e+02,7.770796683609402233e-01,5.614825632002372613e-01,-3.662991943994154953e-01
2.676000000000000000e+09,1.110046327650491627e+01,1.542997399101725193e+02,7.781527075463094967e-01,5.602409161853820763e-01,-3.649950607569263927e-01
2.677000000000000000e+09,1.112405236281031584e+01,1.547504172838503109e+02,7.792067530639454898e-01,5.589918497877500725e-01,-3.638448383052370061e-01
2.678000000000000000e+09,1.115208166094604714e+01,1.552009490664148643e+02,7.802412198719784753e-01,5.577368801711344304e-01,-3.628450348863360708e-01
2.679000000000000000e+09,1.118441349899470261e+01,1.556509469359538116e+02,7.812557258075294442e-01,5.564775645914360469e-01,-3.619905479859528707e-01
2.680000000000000000e+09,1.122086413157390083e+01,1.561000488846538303e+02,7.822500933921231470e-01,5.552154734873800956e-01,-3.612747903865877186e-01
2.681000000000000000e+09,1.126120783970559103e+01,1.565479251801468195e+02,7.832243478583440499e-01,5.539521626988641589e-01,-3.606898405149675524e-01
2.682000000000000000e+09,1.130518183467108706e+01,1.569942837494390915e+02,7.841787114553155913e-01,5.526891463160367168e-01,-3.602266148243488120e-01
2.683000000000000000e+09,1.135249188892668393e+01,1.574388748725272080e+02,7.851135941567015664e-01,5.514278706498029203e-01,-3.598750591830203183e-01
2.684000000000000000e+09,1.140281860021993587e+01,1.578814950827379562e+02,7.860295809586707039e-01,5.501696897934257313e-01,-3.596243559152233482e-01
2.685000000000000000e+09,1.145582417938301134e+01,1.583219901836205281e+02,7.869274160158389320e-01,5.489158432156541201e-01,-3.594631428628354275e-01
2.686000000000000000e+09,1.151115963846509871e+01,1.587602573076071337e+02,7.878079839192366762e-01,5.476674357889330658e-01,-3.593797406133867334e-01
2.687000000000000000e+09,1.156847224438067911e+01,1.591962459594320194e+02,7.886722884711706572e-01,5.464254206122183266e-01,-3.593623838759134603e-01
2.688000000000000000e+09,1.162741309454373173e+01,1.596299580069597255e+02,7.895214293563460606e-01,5.451905849376974533e-01,-3.593994528864035698e-01
2.689000000000000000e+09,1.168764466539728097e+01,1.600614466031886707e+02,7.903565771461544820e-01,5.439635394549772185e-01,-3.594797006929491001e-01
2.690000000000000000e+09,1.174884818255634400e+01,1.604908140451602208e+02,7.911789471029611054e-01,5.427447111261376467e-01,-3.595924722092652126e-01
2.691000000000000000e+09,1.181073066261811988e+01,1.609182085976854353e+02,7.919897722728753697e-01,5.415343397014564797e-01,-3.597279110371865429e-01
2.692000000000000000e+09,1.187303148152468424e+01,1.613438203316119655e+02,7.927902763687360022e-01,5.403324779796588873e-01,-3.598771502423593338e-01
2.693000000000000000e+09,1.193552833256734402e+01,1.617678760471226269e+02,7.935816469493610636e-01,5.391389958094314760e-01,-3.600324835232803222e-01
2.694000000000000000e+09,1.199804244844814072e+01,1.621906333717568884e+02,7.943650093966749814e-01,5.379535877617596107e-01,-3.601875135375310899e-01
2.695000000000000000e+09,1.206044297587301273e+01,1.626123741399512426e+02,7.951414021790095266e-01,5.367757843366254278e-01,-3.603372745366987262e-01
2.696000000000000000e+09,1.212265040752821044e+01,1.630333971755197240e+02,7.959117538670296144e-01,5.356049665038058460e-01,-3.604783269064737450e-01
2.697000000000000000e+09,1.218463899444642351e+01,1.634540106103324888e+02,7.966768623386190074e-01,5.344403833171333940e-01,-3.606088217027154652e-01
2.698000000000000000e+09,1.224643808118359090e+01,1.638745238813375522e+02,7.974373765712822193e-01,5.332811722855875791e-01,-3.607285338085518545e-01
2.699000000000000000e+09,1.230813232635522425e+01,1.642952395539440147e+02,7.981937813757336020e-01,5.321263821339923261e-01,-3.608388629014642190e-01
2.700000000000000000e+09,1.236986079141368933e+01,1.647164451226857125e+02,7.989463853731371135e-01,5.309749975417995538e-01,-3.609428020013012439e-01
